{
    "loss": 39.16969299316406,
    "accuracy": 0.5686274766921997
}